"","sex","race_ethnicity","brain_location","hemisphere","region"
"1","Male","Asian","smri_area_cdk_banksstslh","left","bankssts"
"2","Female","Asian","smri_area_cdk_banksstslh","left","bankssts"
"3","Male","Black","smri_area_cdk_banksstslh","left","bankssts"
"4","Female","Black","smri_area_cdk_banksstslh","left","bankssts"
"5","Male","Hispanic","smri_area_cdk_banksstslh","left","bankssts"
"6","Female","Hispanic","smri_area_cdk_banksstslh","left","bankssts"
"7","Male","Other","smri_area_cdk_banksstslh","left","bankssts"
"8","Female","Other","smri_area_cdk_banksstslh","left","bankssts"
"9","Male","White","smri_area_cdk_banksstslh","left","bankssts"
"10","Female","White","smri_area_cdk_banksstslh","left","bankssts"
"11","Male","All","smri_area_cdk_banksstslh","left","bankssts"
"12","Female","All","smri_area_cdk_banksstslh","left","bankssts"
"13","Male","Asian","smri_area_cdk_cdacatelh","left","caudal anterior cingulate"
"14","Female","Asian","smri_area_cdk_cdacatelh","left","caudal anterior cingulate"
"15","Male","Black","smri_area_cdk_cdacatelh","left","caudal anterior cingulate"
"16","Female","Black","smri_area_cdk_cdacatelh","left","caudal anterior cingulate"
"17","Male","Hispanic","smri_area_cdk_cdacatelh","left","caudal anterior cingulate"
"18","Female","Hispanic","smri_area_cdk_cdacatelh","left","caudal anterior cingulate"
"19","Male","Other","smri_area_cdk_cdacatelh","left","caudal anterior cingulate"
"20","Female","Other","smri_area_cdk_cdacatelh","left","caudal anterior cingulate"
"21","Male","White","smri_area_cdk_cdacatelh","left","caudal anterior cingulate"
"22","Female","White","smri_area_cdk_cdacatelh","left","caudal anterior cingulate"
"23","Male","All","smri_area_cdk_cdacatelh","left","caudal anterior cingulate"
"24","Female","All","smri_area_cdk_cdacatelh","left","caudal anterior cingulate"
"25","Male","Asian","smri_area_cdk_cdmdfrlh","left","caudal middle frontal"
"26","Female","Asian","smri_area_cdk_cdmdfrlh","left","caudal middle frontal"
"27","Male","Black","smri_area_cdk_cdmdfrlh","left","caudal middle frontal"
"28","Female","Black","smri_area_cdk_cdmdfrlh","left","caudal middle frontal"
"29","Male","Hispanic","smri_area_cdk_cdmdfrlh","left","caudal middle frontal"
"30","Female","Hispanic","smri_area_cdk_cdmdfrlh","left","caudal middle frontal"
"31","Male","Other","smri_area_cdk_cdmdfrlh","left","caudal middle frontal"
"32","Female","Other","smri_area_cdk_cdmdfrlh","left","caudal middle frontal"
"33","Male","White","smri_area_cdk_cdmdfrlh","left","caudal middle frontal"
"34","Female","White","smri_area_cdk_cdmdfrlh","left","caudal middle frontal"
"35","Male","All","smri_area_cdk_cdmdfrlh","left","caudal middle frontal"
"36","Female","All","smri_area_cdk_cdmdfrlh","left","caudal middle frontal"
"37","Male","Asian","smri_area_cdk_cuneuslh","left","cuneus"
"38","Female","Asian","smri_area_cdk_cuneuslh","left","cuneus"
"39","Male","Black","smri_area_cdk_cuneuslh","left","cuneus"
"40","Female","Black","smri_area_cdk_cuneuslh","left","cuneus"
"41","Male","Hispanic","smri_area_cdk_cuneuslh","left","cuneus"
"42","Female","Hispanic","smri_area_cdk_cuneuslh","left","cuneus"
"43","Male","Other","smri_area_cdk_cuneuslh","left","cuneus"
"44","Female","Other","smri_area_cdk_cuneuslh","left","cuneus"
"45","Male","White","smri_area_cdk_cuneuslh","left","cuneus"
"46","Female","White","smri_area_cdk_cuneuslh","left","cuneus"
"47","Male","All","smri_area_cdk_cuneuslh","left","cuneus"
"48","Female","All","smri_area_cdk_cuneuslh","left","cuneus"
"49","Male","Asian","smri_area_cdk_ehinallh","left","entorhinal"
"50","Female","Asian","smri_area_cdk_ehinallh","left","entorhinal"
"51","Male","Black","smri_area_cdk_ehinallh","left","entorhinal"
"52","Female","Black","smri_area_cdk_ehinallh","left","entorhinal"
"53","Male","Hispanic","smri_area_cdk_ehinallh","left","entorhinal"
"54","Female","Hispanic","smri_area_cdk_ehinallh","left","entorhinal"
"55","Male","Other","smri_area_cdk_ehinallh","left","entorhinal"
"56","Female","Other","smri_area_cdk_ehinallh","left","entorhinal"
"57","Male","White","smri_area_cdk_ehinallh","left","entorhinal"
"58","Female","White","smri_area_cdk_ehinallh","left","entorhinal"
"59","Male","All","smri_area_cdk_ehinallh","left","entorhinal"
"60","Female","All","smri_area_cdk_ehinallh","left","entorhinal"
"61","Male","Asian","smri_area_cdk_fusiformlh","left","fusiform"
"62","Female","Asian","smri_area_cdk_fusiformlh","left","fusiform"
"63","Male","Black","smri_area_cdk_fusiformlh","left","fusiform"
"64","Female","Black","smri_area_cdk_fusiformlh","left","fusiform"
"65","Male","Hispanic","smri_area_cdk_fusiformlh","left","fusiform"
"66","Female","Hispanic","smri_area_cdk_fusiformlh","left","fusiform"
"67","Male","Other","smri_area_cdk_fusiformlh","left","fusiform"
"68","Female","Other","smri_area_cdk_fusiformlh","left","fusiform"
"69","Male","White","smri_area_cdk_fusiformlh","left","fusiform"
"70","Female","White","smri_area_cdk_fusiformlh","left","fusiform"
"71","Male","All","smri_area_cdk_fusiformlh","left","fusiform"
"72","Female","All","smri_area_cdk_fusiformlh","left","fusiform"
"73","Male","Asian","smri_area_cdk_ifpllh","left","inferior parietal"
"74","Female","Asian","smri_area_cdk_ifpllh","left","inferior parietal"
"75","Male","Black","smri_area_cdk_ifpllh","left","inferior parietal"
"76","Female","Black","smri_area_cdk_ifpllh","left","inferior parietal"
"77","Male","Hispanic","smri_area_cdk_ifpllh","left","inferior parietal"
"78","Female","Hispanic","smri_area_cdk_ifpllh","left","inferior parietal"
"79","Male","Other","smri_area_cdk_ifpllh","left","inferior parietal"
"80","Female","Other","smri_area_cdk_ifpllh","left","inferior parietal"
"81","Male","White","smri_area_cdk_ifpllh","left","inferior parietal"
"82","Female","White","smri_area_cdk_ifpllh","left","inferior parietal"
"83","Male","All","smri_area_cdk_ifpllh","left","inferior parietal"
"84","Female","All","smri_area_cdk_ifpllh","left","inferior parietal"
"85","Male","Asian","smri_area_cdk_iftmlh","left","inferior temporal"
"86","Female","Asian","smri_area_cdk_iftmlh","left","inferior temporal"
"87","Male","Black","smri_area_cdk_iftmlh","left","inferior temporal"
"88","Female","Black","smri_area_cdk_iftmlh","left","inferior temporal"
"89","Male","Hispanic","smri_area_cdk_iftmlh","left","inferior temporal"
"90","Female","Hispanic","smri_area_cdk_iftmlh","left","inferior temporal"
"91","Male","Other","smri_area_cdk_iftmlh","left","inferior temporal"
"92","Female","Other","smri_area_cdk_iftmlh","left","inferior temporal"
"93","Male","White","smri_area_cdk_iftmlh","left","inferior temporal"
"94","Female","White","smri_area_cdk_iftmlh","left","inferior temporal"
"95","Male","All","smri_area_cdk_iftmlh","left","inferior temporal"
"96","Female","All","smri_area_cdk_iftmlh","left","inferior temporal"
"97","Male","Asian","smri_area_cdk_ihcatelh","left","isthmus cingulate"
"98","Female","Asian","smri_area_cdk_ihcatelh","left","isthmus cingulate"
"99","Male","Black","smri_area_cdk_ihcatelh","left","isthmus cingulate"
"100","Female","Black","smri_area_cdk_ihcatelh","left","isthmus cingulate"
"101","Male","Hispanic","smri_area_cdk_ihcatelh","left","isthmus cingulate"
"102","Female","Hispanic","smri_area_cdk_ihcatelh","left","isthmus cingulate"
"103","Male","Other","smri_area_cdk_ihcatelh","left","isthmus cingulate"
"104","Female","Other","smri_area_cdk_ihcatelh","left","isthmus cingulate"
"105","Male","White","smri_area_cdk_ihcatelh","left","isthmus cingulate"
"106","Female","White","smri_area_cdk_ihcatelh","left","isthmus cingulate"
"107","Male","All","smri_area_cdk_ihcatelh","left","isthmus cingulate"
"108","Female","All","smri_area_cdk_ihcatelh","left","isthmus cingulate"
"109","Male","Asian","smri_area_cdk_locclh","left","lateral occipital"
"110","Female","Asian","smri_area_cdk_locclh","left","lateral occipital"
"111","Male","Black","smri_area_cdk_locclh","left","lateral occipital"
"112","Female","Black","smri_area_cdk_locclh","left","lateral occipital"
"113","Male","Hispanic","smri_area_cdk_locclh","left","lateral occipital"
"114","Female","Hispanic","smri_area_cdk_locclh","left","lateral occipital"
"115","Male","Other","smri_area_cdk_locclh","left","lateral occipital"
"116","Female","Other","smri_area_cdk_locclh","left","lateral occipital"
"117","Male","White","smri_area_cdk_locclh","left","lateral occipital"
"118","Female","White","smri_area_cdk_locclh","left","lateral occipital"
"119","Male","All","smri_area_cdk_locclh","left","lateral occipital"
"120","Female","All","smri_area_cdk_locclh","left","lateral occipital"
"121","Male","Asian","smri_area_cdk_lobfrlh","left","lateral orbitofrontal"
"122","Female","Asian","smri_area_cdk_lobfrlh","left","lateral orbitofrontal"
"123","Male","Black","smri_area_cdk_lobfrlh","left","lateral orbitofrontal"
"124","Female","Black","smri_area_cdk_lobfrlh","left","lateral orbitofrontal"
"125","Male","Hispanic","smri_area_cdk_lobfrlh","left","lateral orbitofrontal"
"126","Female","Hispanic","smri_area_cdk_lobfrlh","left","lateral orbitofrontal"
"127","Male","Other","smri_area_cdk_lobfrlh","left","lateral orbitofrontal"
"128","Female","Other","smri_area_cdk_lobfrlh","left","lateral orbitofrontal"
"129","Male","White","smri_area_cdk_lobfrlh","left","lateral orbitofrontal"
"130","Female","White","smri_area_cdk_lobfrlh","left","lateral orbitofrontal"
"131","Male","All","smri_area_cdk_lobfrlh","left","lateral orbitofrontal"
"132","Female","All","smri_area_cdk_lobfrlh","left","lateral orbitofrontal"
"133","Male","Asian","smri_area_cdk_linguallh","left","lingual"
"134","Female","Asian","smri_area_cdk_linguallh","left","lingual"
"135","Male","Black","smri_area_cdk_linguallh","left","lingual"
"136","Female","Black","smri_area_cdk_linguallh","left","lingual"
"137","Male","Hispanic","smri_area_cdk_linguallh","left","lingual"
"138","Female","Hispanic","smri_area_cdk_linguallh","left","lingual"
"139","Male","Other","smri_area_cdk_linguallh","left","lingual"
"140","Female","Other","smri_area_cdk_linguallh","left","lingual"
"141","Male","White","smri_area_cdk_linguallh","left","lingual"
"142","Female","White","smri_area_cdk_linguallh","left","lingual"
"143","Male","All","smri_area_cdk_linguallh","left","lingual"
"144","Female","All","smri_area_cdk_linguallh","left","lingual"
"145","Male","Asian","smri_area_cdk_mobfrlh","left","medial orbitofrontal"
"146","Female","Asian","smri_area_cdk_mobfrlh","left","medial orbitofrontal"
"147","Male","Black","smri_area_cdk_mobfrlh","left","medial orbitofrontal"
"148","Female","Black","smri_area_cdk_mobfrlh","left","medial orbitofrontal"
"149","Male","Hispanic","smri_area_cdk_mobfrlh","left","medial orbitofrontal"
"150","Female","Hispanic","smri_area_cdk_mobfrlh","left","medial orbitofrontal"
"151","Male","Other","smri_area_cdk_mobfrlh","left","medial orbitofrontal"
"152","Female","Other","smri_area_cdk_mobfrlh","left","medial orbitofrontal"
"153","Male","White","smri_area_cdk_mobfrlh","left","medial orbitofrontal"
"154","Female","White","smri_area_cdk_mobfrlh","left","medial orbitofrontal"
"155","Male","All","smri_area_cdk_mobfrlh","left","medial orbitofrontal"
"156","Female","All","smri_area_cdk_mobfrlh","left","medial orbitofrontal"
"157","Male","Asian","smri_area_cdk_mdtmlh","left","middle temporal"
"158","Female","Asian","smri_area_cdk_mdtmlh","left","middle temporal"
"159","Male","Black","smri_area_cdk_mdtmlh","left","middle temporal"
"160","Female","Black","smri_area_cdk_mdtmlh","left","middle temporal"
"161","Male","Hispanic","smri_area_cdk_mdtmlh","left","middle temporal"
"162","Female","Hispanic","smri_area_cdk_mdtmlh","left","middle temporal"
"163","Male","Other","smri_area_cdk_mdtmlh","left","middle temporal"
"164","Female","Other","smri_area_cdk_mdtmlh","left","middle temporal"
"165","Male","White","smri_area_cdk_mdtmlh","left","middle temporal"
"166","Female","White","smri_area_cdk_mdtmlh","left","middle temporal"
"167","Male","All","smri_area_cdk_mdtmlh","left","middle temporal"
"168","Female","All","smri_area_cdk_mdtmlh","left","middle temporal"
"169","Male","Asian","smri_area_cdk_parahpallh","left","parahippocampal"
"170","Female","Asian","smri_area_cdk_parahpallh","left","parahippocampal"
"171","Male","Black","smri_area_cdk_parahpallh","left","parahippocampal"
"172","Female","Black","smri_area_cdk_parahpallh","left","parahippocampal"
"173","Male","Hispanic","smri_area_cdk_parahpallh","left","parahippocampal"
"174","Female","Hispanic","smri_area_cdk_parahpallh","left","parahippocampal"
"175","Male","Other","smri_area_cdk_parahpallh","left","parahippocampal"
"176","Female","Other","smri_area_cdk_parahpallh","left","parahippocampal"
"177","Male","White","smri_area_cdk_parahpallh","left","parahippocampal"
"178","Female","White","smri_area_cdk_parahpallh","left","parahippocampal"
"179","Male","All","smri_area_cdk_parahpallh","left","parahippocampal"
"180","Female","All","smri_area_cdk_parahpallh","left","parahippocampal"
"181","Male","Asian","smri_area_cdk_paracnlh","left","paracentral"
"182","Female","Asian","smri_area_cdk_paracnlh","left","paracentral"
"183","Male","Black","smri_area_cdk_paracnlh","left","paracentral"
"184","Female","Black","smri_area_cdk_paracnlh","left","paracentral"
"185","Male","Hispanic","smri_area_cdk_paracnlh","left","paracentral"
"186","Female","Hispanic","smri_area_cdk_paracnlh","left","paracentral"
"187","Male","Other","smri_area_cdk_paracnlh","left","paracentral"
"188","Female","Other","smri_area_cdk_paracnlh","left","paracentral"
"189","Male","White","smri_area_cdk_paracnlh","left","paracentral"
"190","Female","White","smri_area_cdk_paracnlh","left","paracentral"
"191","Male","All","smri_area_cdk_paracnlh","left","paracentral"
"192","Female","All","smri_area_cdk_paracnlh","left","paracentral"
"193","Male","Asian","smri_area_cdk_parsopclh","left","pars opercularis"
"194","Female","Asian","smri_area_cdk_parsopclh","left","pars opercularis"
"195","Male","Black","smri_area_cdk_parsopclh","left","pars opercularis"
"196","Female","Black","smri_area_cdk_parsopclh","left","pars opercularis"
"197","Male","Hispanic","smri_area_cdk_parsopclh","left","pars opercularis"
"198","Female","Hispanic","smri_area_cdk_parsopclh","left","pars opercularis"
"199","Male","Other","smri_area_cdk_parsopclh","left","pars opercularis"
"200","Female","Other","smri_area_cdk_parsopclh","left","pars opercularis"
"201","Male","White","smri_area_cdk_parsopclh","left","pars opercularis"
"202","Female","White","smri_area_cdk_parsopclh","left","pars opercularis"
"203","Male","All","smri_area_cdk_parsopclh","left","pars opercularis"
"204","Female","All","smri_area_cdk_parsopclh","left","pars opercularis"
"205","Male","Asian","smri_area_cdk_parsobislh","left","pars orbitalis"
"206","Female","Asian","smri_area_cdk_parsobislh","left","pars orbitalis"
"207","Male","Black","smri_area_cdk_parsobislh","left","pars orbitalis"
"208","Female","Black","smri_area_cdk_parsobislh","left","pars orbitalis"
"209","Male","Hispanic","smri_area_cdk_parsobislh","left","pars orbitalis"
"210","Female","Hispanic","smri_area_cdk_parsobislh","left","pars orbitalis"
"211","Male","Other","smri_area_cdk_parsobislh","left","pars orbitalis"
"212","Female","Other","smri_area_cdk_parsobislh","left","pars orbitalis"
"213","Male","White","smri_area_cdk_parsobislh","left","pars orbitalis"
"214","Female","White","smri_area_cdk_parsobislh","left","pars orbitalis"
"215","Male","All","smri_area_cdk_parsobislh","left","pars orbitalis"
"216","Female","All","smri_area_cdk_parsobislh","left","pars orbitalis"
"217","Male","Asian","smri_area_cdk_parstgrislh","left","pars triangularis"
"218","Female","Asian","smri_area_cdk_parstgrislh","left","pars triangularis"
"219","Male","Black","smri_area_cdk_parstgrislh","left","pars triangularis"
"220","Female","Black","smri_area_cdk_parstgrislh","left","pars triangularis"
"221","Male","Hispanic","smri_area_cdk_parstgrislh","left","pars triangularis"
"222","Female","Hispanic","smri_area_cdk_parstgrislh","left","pars triangularis"
"223","Male","Other","smri_area_cdk_parstgrislh","left","pars triangularis"
"224","Female","Other","smri_area_cdk_parstgrislh","left","pars triangularis"
"225","Male","White","smri_area_cdk_parstgrislh","left","pars triangularis"
"226","Female","White","smri_area_cdk_parstgrislh","left","pars triangularis"
"227","Male","All","smri_area_cdk_parstgrislh","left","pars triangularis"
"228","Female","All","smri_area_cdk_parstgrislh","left","pars triangularis"
"229","Male","Asian","smri_area_cdk_pericclh","left","pericalcarine"
"230","Female","Asian","smri_area_cdk_pericclh","left","pericalcarine"
"231","Male","Black","smri_area_cdk_pericclh","left","pericalcarine"
"232","Female","Black","smri_area_cdk_pericclh","left","pericalcarine"
"233","Male","Hispanic","smri_area_cdk_pericclh","left","pericalcarine"
"234","Female","Hispanic","smri_area_cdk_pericclh","left","pericalcarine"
"235","Male","Other","smri_area_cdk_pericclh","left","pericalcarine"
"236","Female","Other","smri_area_cdk_pericclh","left","pericalcarine"
"237","Male","White","smri_area_cdk_pericclh","left","pericalcarine"
"238","Female","White","smri_area_cdk_pericclh","left","pericalcarine"
"239","Male","All","smri_area_cdk_pericclh","left","pericalcarine"
"240","Female","All","smri_area_cdk_pericclh","left","pericalcarine"
"241","Male","Asian","smri_area_cdk_postcnlh","left","postcentral"
"242","Female","Asian","smri_area_cdk_postcnlh","left","postcentral"
"243","Male","Black","smri_area_cdk_postcnlh","left","postcentral"
"244","Female","Black","smri_area_cdk_postcnlh","left","postcentral"
"245","Male","Hispanic","smri_area_cdk_postcnlh","left","postcentral"
"246","Female","Hispanic","smri_area_cdk_postcnlh","left","postcentral"
"247","Male","Other","smri_area_cdk_postcnlh","left","postcentral"
"248","Female","Other","smri_area_cdk_postcnlh","left","postcentral"
"249","Male","White","smri_area_cdk_postcnlh","left","postcentral"
"250","Female","White","smri_area_cdk_postcnlh","left","postcentral"
"251","Male","All","smri_area_cdk_postcnlh","left","postcentral"
"252","Female","All","smri_area_cdk_postcnlh","left","postcentral"
"253","Male","Asian","smri_area_cdk_ptcatelh","left","posterior cingulate"
"254","Female","Asian","smri_area_cdk_ptcatelh","left","posterior cingulate"
"255","Male","Black","smri_area_cdk_ptcatelh","left","posterior cingulate"
"256","Female","Black","smri_area_cdk_ptcatelh","left","posterior cingulate"
"257","Male","Hispanic","smri_area_cdk_ptcatelh","left","posterior cingulate"
"258","Female","Hispanic","smri_area_cdk_ptcatelh","left","posterior cingulate"
"259","Male","Other","smri_area_cdk_ptcatelh","left","posterior cingulate"
"260","Female","Other","smri_area_cdk_ptcatelh","left","posterior cingulate"
"261","Male","White","smri_area_cdk_ptcatelh","left","posterior cingulate"
"262","Female","White","smri_area_cdk_ptcatelh","left","posterior cingulate"
"263","Male","All","smri_area_cdk_ptcatelh","left","posterior cingulate"
"264","Female","All","smri_area_cdk_ptcatelh","left","posterior cingulate"
"265","Male","Asian","smri_area_cdk_precnlh","left","precentral"
"266","Female","Asian","smri_area_cdk_precnlh","left","precentral"
"267","Male","Black","smri_area_cdk_precnlh","left","precentral"
"268","Female","Black","smri_area_cdk_precnlh","left","precentral"
"269","Male","Hispanic","smri_area_cdk_precnlh","left","precentral"
"270","Female","Hispanic","smri_area_cdk_precnlh","left","precentral"
"271","Male","Other","smri_area_cdk_precnlh","left","precentral"
"272","Female","Other","smri_area_cdk_precnlh","left","precentral"
"273","Male","White","smri_area_cdk_precnlh","left","precentral"
"274","Female","White","smri_area_cdk_precnlh","left","precentral"
"275","Male","All","smri_area_cdk_precnlh","left","precentral"
"276","Female","All","smri_area_cdk_precnlh","left","precentral"
"277","Male","Asian","smri_area_cdk_pclh","left","precuneus"
"278","Female","Asian","smri_area_cdk_pclh","left","precuneus"
"279","Male","Black","smri_area_cdk_pclh","left","precuneus"
"280","Female","Black","smri_area_cdk_pclh","left","precuneus"
"281","Male","Hispanic","smri_area_cdk_pclh","left","precuneus"
"282","Female","Hispanic","smri_area_cdk_pclh","left","precuneus"
"283","Male","Other","smri_area_cdk_pclh","left","precuneus"
"284","Female","Other","smri_area_cdk_pclh","left","precuneus"
"285","Male","White","smri_area_cdk_pclh","left","precuneus"
"286","Female","White","smri_area_cdk_pclh","left","precuneus"
"287","Male","All","smri_area_cdk_pclh","left","precuneus"
"288","Female","All","smri_area_cdk_pclh","left","precuneus"
"289","Male","Asian","smri_area_cdk_rracatelh","left","rostral anterior cingulate"
"290","Female","Asian","smri_area_cdk_rracatelh","left","rostral anterior cingulate"
"291","Male","Black","smri_area_cdk_rracatelh","left","rostral anterior cingulate"
"292","Female","Black","smri_area_cdk_rracatelh","left","rostral anterior cingulate"
"293","Male","Hispanic","smri_area_cdk_rracatelh","left","rostral anterior cingulate"
"294","Female","Hispanic","smri_area_cdk_rracatelh","left","rostral anterior cingulate"
"295","Male","Other","smri_area_cdk_rracatelh","left","rostral anterior cingulate"
"296","Female","Other","smri_area_cdk_rracatelh","left","rostral anterior cingulate"
"297","Male","White","smri_area_cdk_rracatelh","left","rostral anterior cingulate"
"298","Female","White","smri_area_cdk_rracatelh","left","rostral anterior cingulate"
"299","Male","All","smri_area_cdk_rracatelh","left","rostral anterior cingulate"
"300","Female","All","smri_area_cdk_rracatelh","left","rostral anterior cingulate"
"301","Male","Asian","smri_area_cdk_rrmdfrlh","left","rostral middle frontal"
"302","Female","Asian","smri_area_cdk_rrmdfrlh","left","rostral middle frontal"
"303","Male","Black","smri_area_cdk_rrmdfrlh","left","rostral middle frontal"
"304","Female","Black","smri_area_cdk_rrmdfrlh","left","rostral middle frontal"
"305","Male","Hispanic","smri_area_cdk_rrmdfrlh","left","rostral middle frontal"
"306","Female","Hispanic","smri_area_cdk_rrmdfrlh","left","rostral middle frontal"
"307","Male","Other","smri_area_cdk_rrmdfrlh","left","rostral middle frontal"
"308","Female","Other","smri_area_cdk_rrmdfrlh","left","rostral middle frontal"
"309","Male","White","smri_area_cdk_rrmdfrlh","left","rostral middle frontal"
"310","Female","White","smri_area_cdk_rrmdfrlh","left","rostral middle frontal"
"311","Male","All","smri_area_cdk_rrmdfrlh","left","rostral middle frontal"
"312","Female","All","smri_area_cdk_rrmdfrlh","left","rostral middle frontal"
"313","Male","Asian","smri_area_cdk_sufrlh","left","superior frontal"
"314","Female","Asian","smri_area_cdk_sufrlh","left","superior frontal"
"315","Male","Black","smri_area_cdk_sufrlh","left","superior frontal"
"316","Female","Black","smri_area_cdk_sufrlh","left","superior frontal"
"317","Male","Hispanic","smri_area_cdk_sufrlh","left","superior frontal"
"318","Female","Hispanic","smri_area_cdk_sufrlh","left","superior frontal"
"319","Male","Other","smri_area_cdk_sufrlh","left","superior frontal"
"320","Female","Other","smri_area_cdk_sufrlh","left","superior frontal"
"321","Male","White","smri_area_cdk_sufrlh","left","superior frontal"
"322","Female","White","smri_area_cdk_sufrlh","left","superior frontal"
"323","Male","All","smri_area_cdk_sufrlh","left","superior frontal"
"324","Female","All","smri_area_cdk_sufrlh","left","superior frontal"
"325","Male","Asian","smri_area_cdk_supllh","left","superior parietal"
"326","Female","Asian","smri_area_cdk_supllh","left","superior parietal"
"327","Male","Black","smri_area_cdk_supllh","left","superior parietal"
"328","Female","Black","smri_area_cdk_supllh","left","superior parietal"
"329","Male","Hispanic","smri_area_cdk_supllh","left","superior parietal"
"330","Female","Hispanic","smri_area_cdk_supllh","left","superior parietal"
"331","Male","Other","smri_area_cdk_supllh","left","superior parietal"
"332","Female","Other","smri_area_cdk_supllh","left","superior parietal"
"333","Male","White","smri_area_cdk_supllh","left","superior parietal"
"334","Female","White","smri_area_cdk_supllh","left","superior parietal"
"335","Male","All","smri_area_cdk_supllh","left","superior parietal"
"336","Female","All","smri_area_cdk_supllh","left","superior parietal"
"337","Male","Asian","smri_area_cdk_sutmlh","left","superior temporal"
"338","Female","Asian","smri_area_cdk_sutmlh","left","superior temporal"
"339","Male","Black","smri_area_cdk_sutmlh","left","superior temporal"
"340","Female","Black","smri_area_cdk_sutmlh","left","superior temporal"
"341","Male","Hispanic","smri_area_cdk_sutmlh","left","superior temporal"
"342","Female","Hispanic","smri_area_cdk_sutmlh","left","superior temporal"
"343","Male","Other","smri_area_cdk_sutmlh","left","superior temporal"
"344","Female","Other","smri_area_cdk_sutmlh","left","superior temporal"
"345","Male","White","smri_area_cdk_sutmlh","left","superior temporal"
"346","Female","White","smri_area_cdk_sutmlh","left","superior temporal"
"347","Male","All","smri_area_cdk_sutmlh","left","superior temporal"
"348","Female","All","smri_area_cdk_sutmlh","left","superior temporal"
"349","Male","Asian","smri_area_cdk_smlh","left","supramarginal"
"350","Female","Asian","smri_area_cdk_smlh","left","supramarginal"
"351","Male","Black","smri_area_cdk_smlh","left","supramarginal"
"352","Female","Black","smri_area_cdk_smlh","left","supramarginal"
"353","Male","Hispanic","smri_area_cdk_smlh","left","supramarginal"
"354","Female","Hispanic","smri_area_cdk_smlh","left","supramarginal"
"355","Male","Other","smri_area_cdk_smlh","left","supramarginal"
"356","Female","Other","smri_area_cdk_smlh","left","supramarginal"
"357","Male","White","smri_area_cdk_smlh","left","supramarginal"
"358","Female","White","smri_area_cdk_smlh","left","supramarginal"
"359","Male","All","smri_area_cdk_smlh","left","supramarginal"
"360","Female","All","smri_area_cdk_smlh","left","supramarginal"
"361","Male","Asian","smri_area_cdk_frpolelh","left","frontal pole"
"362","Female","Asian","smri_area_cdk_frpolelh","left","frontal pole"
"363","Male","Black","smri_area_cdk_frpolelh","left","frontal pole"
"364","Female","Black","smri_area_cdk_frpolelh","left","frontal pole"
"365","Male","Hispanic","smri_area_cdk_frpolelh","left","frontal pole"
"366","Female","Hispanic","smri_area_cdk_frpolelh","left","frontal pole"
"367","Male","Other","smri_area_cdk_frpolelh","left","frontal pole"
"368","Female","Other","smri_area_cdk_frpolelh","left","frontal pole"
"369","Male","White","smri_area_cdk_frpolelh","left","frontal pole"
"370","Female","White","smri_area_cdk_frpolelh","left","frontal pole"
"371","Male","All","smri_area_cdk_frpolelh","left","frontal pole"
"372","Female","All","smri_area_cdk_frpolelh","left","frontal pole"
"373","Male","Asian","smri_area_cdk_tmpolelh","left","temporal pole"
"374","Female","Asian","smri_area_cdk_tmpolelh","left","temporal pole"
"375","Male","Black","smri_area_cdk_tmpolelh","left","temporal pole"
"376","Female","Black","smri_area_cdk_tmpolelh","left","temporal pole"
"377","Male","Hispanic","smri_area_cdk_tmpolelh","left","temporal pole"
"378","Female","Hispanic","smri_area_cdk_tmpolelh","left","temporal pole"
"379","Male","Other","smri_area_cdk_tmpolelh","left","temporal pole"
"380","Female","Other","smri_area_cdk_tmpolelh","left","temporal pole"
"381","Male","White","smri_area_cdk_tmpolelh","left","temporal pole"
"382","Female","White","smri_area_cdk_tmpolelh","left","temporal pole"
"383","Male","All","smri_area_cdk_tmpolelh","left","temporal pole"
"384","Female","All","smri_area_cdk_tmpolelh","left","temporal pole"
"385","Male","Asian","smri_area_cdk_trvtmlh","left","transverse temporal"
"386","Female","Asian","smri_area_cdk_trvtmlh","left","transverse temporal"
"387","Male","Black","smri_area_cdk_trvtmlh","left","transverse temporal"
"388","Female","Black","smri_area_cdk_trvtmlh","left","transverse temporal"
"389","Male","Hispanic","smri_area_cdk_trvtmlh","left","transverse temporal"
"390","Female","Hispanic","smri_area_cdk_trvtmlh","left","transverse temporal"
"391","Male","Other","smri_area_cdk_trvtmlh","left","transverse temporal"
"392","Female","Other","smri_area_cdk_trvtmlh","left","transverse temporal"
"393","Male","White","smri_area_cdk_trvtmlh","left","transverse temporal"
"394","Female","White","smri_area_cdk_trvtmlh","left","transverse temporal"
"395","Male","All","smri_area_cdk_trvtmlh","left","transverse temporal"
"396","Female","All","smri_area_cdk_trvtmlh","left","transverse temporal"
"397","Male","Asian","smri_area_cdk_insulalh","left","insula"
"398","Female","Asian","smri_area_cdk_insulalh","left","insula"
"399","Male","Black","smri_area_cdk_insulalh","left","insula"
"400","Female","Black","smri_area_cdk_insulalh","left","insula"
"401","Male","Hispanic","smri_area_cdk_insulalh","left","insula"
"402","Female","Hispanic","smri_area_cdk_insulalh","left","insula"
"403","Male","Other","smri_area_cdk_insulalh","left","insula"
"404","Female","Other","smri_area_cdk_insulalh","left","insula"
"405","Male","White","smri_area_cdk_insulalh","left","insula"
"406","Female","White","smri_area_cdk_insulalh","left","insula"
"407","Male","All","smri_area_cdk_insulalh","left","insula"
"408","Female","All","smri_area_cdk_insulalh","left","insula"
"409","Male","Asian","smri_area_cdk_banksstsrh","right","bankssts"
"410","Female","Asian","smri_area_cdk_banksstsrh","right","bankssts"
"411","Male","Black","smri_area_cdk_banksstsrh","right","bankssts"
"412","Female","Black","smri_area_cdk_banksstsrh","right","bankssts"
"413","Male","Hispanic","smri_area_cdk_banksstsrh","right","bankssts"
"414","Female","Hispanic","smri_area_cdk_banksstsrh","right","bankssts"
"415","Male","Other","smri_area_cdk_banksstsrh","right","bankssts"
"416","Female","Other","smri_area_cdk_banksstsrh","right","bankssts"
"417","Male","White","smri_area_cdk_banksstsrh","right","bankssts"
"418","Female","White","smri_area_cdk_banksstsrh","right","bankssts"
"419","Male","All","smri_area_cdk_banksstsrh","right","bankssts"
"420","Female","All","smri_area_cdk_banksstsrh","right","bankssts"
"421","Male","Asian","smri_area_cdk_cdacaterh","right","caudal anterior cingulate"
"422","Female","Asian","smri_area_cdk_cdacaterh","right","caudal anterior cingulate"
"423","Male","Black","smri_area_cdk_cdacaterh","right","caudal anterior cingulate"
"424","Female","Black","smri_area_cdk_cdacaterh","right","caudal anterior cingulate"
"425","Male","Hispanic","smri_area_cdk_cdacaterh","right","caudal anterior cingulate"
"426","Female","Hispanic","smri_area_cdk_cdacaterh","right","caudal anterior cingulate"
"427","Male","Other","smri_area_cdk_cdacaterh","right","caudal anterior cingulate"
"428","Female","Other","smri_area_cdk_cdacaterh","right","caudal anterior cingulate"
"429","Male","White","smri_area_cdk_cdacaterh","right","caudal anterior cingulate"
"430","Female","White","smri_area_cdk_cdacaterh","right","caudal anterior cingulate"
"431","Male","All","smri_area_cdk_cdacaterh","right","caudal anterior cingulate"
"432","Female","All","smri_area_cdk_cdacaterh","right","caudal anterior cingulate"
"433","Male","Asian","smri_area_cdk_cdmdfrrh","right","caudal middle frontal"
"434","Female","Asian","smri_area_cdk_cdmdfrrh","right","caudal middle frontal"
"435","Male","Black","smri_area_cdk_cdmdfrrh","right","caudal middle frontal"
"436","Female","Black","smri_area_cdk_cdmdfrrh","right","caudal middle frontal"
"437","Male","Hispanic","smri_area_cdk_cdmdfrrh","right","caudal middle frontal"
"438","Female","Hispanic","smri_area_cdk_cdmdfrrh","right","caudal middle frontal"
"439","Male","Other","smri_area_cdk_cdmdfrrh","right","caudal middle frontal"
"440","Female","Other","smri_area_cdk_cdmdfrrh","right","caudal middle frontal"
"441","Male","White","smri_area_cdk_cdmdfrrh","right","caudal middle frontal"
"442","Female","White","smri_area_cdk_cdmdfrrh","right","caudal middle frontal"
"443","Male","All","smri_area_cdk_cdmdfrrh","right","caudal middle frontal"
"444","Female","All","smri_area_cdk_cdmdfrrh","right","caudal middle frontal"
"445","Male","Asian","smri_area_cdk_cuneusrh","right","cuneus"
"446","Female","Asian","smri_area_cdk_cuneusrh","right","cuneus"
"447","Male","Black","smri_area_cdk_cuneusrh","right","cuneus"
"448","Female","Black","smri_area_cdk_cuneusrh","right","cuneus"
"449","Male","Hispanic","smri_area_cdk_cuneusrh","right","cuneus"
"450","Female","Hispanic","smri_area_cdk_cuneusrh","right","cuneus"
"451","Male","Other","smri_area_cdk_cuneusrh","right","cuneus"
"452","Female","Other","smri_area_cdk_cuneusrh","right","cuneus"
"453","Male","White","smri_area_cdk_cuneusrh","right","cuneus"
"454","Female","White","smri_area_cdk_cuneusrh","right","cuneus"
"455","Male","All","smri_area_cdk_cuneusrh","right","cuneus"
"456","Female","All","smri_area_cdk_cuneusrh","right","cuneus"
"457","Male","Asian","smri_area_cdk_ehinalrh","right","entorhinal"
"458","Female","Asian","smri_area_cdk_ehinalrh","right","entorhinal"
"459","Male","Black","smri_area_cdk_ehinalrh","right","entorhinal"
"460","Female","Black","smri_area_cdk_ehinalrh","right","entorhinal"
"461","Male","Hispanic","smri_area_cdk_ehinalrh","right","entorhinal"
"462","Female","Hispanic","smri_area_cdk_ehinalrh","right","entorhinal"
"463","Male","Other","smri_area_cdk_ehinalrh","right","entorhinal"
"464","Female","Other","smri_area_cdk_ehinalrh","right","entorhinal"
"465","Male","White","smri_area_cdk_ehinalrh","right","entorhinal"
"466","Female","White","smri_area_cdk_ehinalrh","right","entorhinal"
"467","Male","All","smri_area_cdk_ehinalrh","right","entorhinal"
"468","Female","All","smri_area_cdk_ehinalrh","right","entorhinal"
"469","Male","Asian","smri_area_cdk_fusiformrh","right","fusiform"
"470","Female","Asian","smri_area_cdk_fusiformrh","right","fusiform"
"471","Male","Black","smri_area_cdk_fusiformrh","right","fusiform"
"472","Female","Black","smri_area_cdk_fusiformrh","right","fusiform"
"473","Male","Hispanic","smri_area_cdk_fusiformrh","right","fusiform"
"474","Female","Hispanic","smri_area_cdk_fusiformrh","right","fusiform"
"475","Male","Other","smri_area_cdk_fusiformrh","right","fusiform"
"476","Female","Other","smri_area_cdk_fusiformrh","right","fusiform"
"477","Male","White","smri_area_cdk_fusiformrh","right","fusiform"
"478","Female","White","smri_area_cdk_fusiformrh","right","fusiform"
"479","Male","All","smri_area_cdk_fusiformrh","right","fusiform"
"480","Female","All","smri_area_cdk_fusiformrh","right","fusiform"
"481","Male","Asian","smri_area_cdk_ifplrh","right","inferior parietal"
"482","Female","Asian","smri_area_cdk_ifplrh","right","inferior parietal"
"483","Male","Black","smri_area_cdk_ifplrh","right","inferior parietal"
"484","Female","Black","smri_area_cdk_ifplrh","right","inferior parietal"
"485","Male","Hispanic","smri_area_cdk_ifplrh","right","inferior parietal"
"486","Female","Hispanic","smri_area_cdk_ifplrh","right","inferior parietal"
"487","Male","Other","smri_area_cdk_ifplrh","right","inferior parietal"
"488","Female","Other","smri_area_cdk_ifplrh","right","inferior parietal"
"489","Male","White","smri_area_cdk_ifplrh","right","inferior parietal"
"490","Female","White","smri_area_cdk_ifplrh","right","inferior parietal"
"491","Male","All","smri_area_cdk_ifplrh","right","inferior parietal"
"492","Female","All","smri_area_cdk_ifplrh","right","inferior parietal"
"493","Male","Asian","smri_area_cdk_iftmrh","right","inferior temporal"
"494","Female","Asian","smri_area_cdk_iftmrh","right","inferior temporal"
"495","Male","Black","smri_area_cdk_iftmrh","right","inferior temporal"
"496","Female","Black","smri_area_cdk_iftmrh","right","inferior temporal"
"497","Male","Hispanic","smri_area_cdk_iftmrh","right","inferior temporal"
"498","Female","Hispanic","smri_area_cdk_iftmrh","right","inferior temporal"
"499","Male","Other","smri_area_cdk_iftmrh","right","inferior temporal"
"500","Female","Other","smri_area_cdk_iftmrh","right","inferior temporal"
"501","Male","White","smri_area_cdk_iftmrh","right","inferior temporal"
"502","Female","White","smri_area_cdk_iftmrh","right","inferior temporal"
"503","Male","All","smri_area_cdk_iftmrh","right","inferior temporal"
"504","Female","All","smri_area_cdk_iftmrh","right","inferior temporal"
"505","Male","Asian","smri_area_cdk_ihcaterh","right","isthmus cingulate"
"506","Female","Asian","smri_area_cdk_ihcaterh","right","isthmus cingulate"
"507","Male","Black","smri_area_cdk_ihcaterh","right","isthmus cingulate"
"508","Female","Black","smri_area_cdk_ihcaterh","right","isthmus cingulate"
"509","Male","Hispanic","smri_area_cdk_ihcaterh","right","isthmus cingulate"
"510","Female","Hispanic","smri_area_cdk_ihcaterh","right","isthmus cingulate"
"511","Male","Other","smri_area_cdk_ihcaterh","right","isthmus cingulate"
"512","Female","Other","smri_area_cdk_ihcaterh","right","isthmus cingulate"
"513","Male","White","smri_area_cdk_ihcaterh","right","isthmus cingulate"
"514","Female","White","smri_area_cdk_ihcaterh","right","isthmus cingulate"
"515","Male","All","smri_area_cdk_ihcaterh","right","isthmus cingulate"
"516","Female","All","smri_area_cdk_ihcaterh","right","isthmus cingulate"
"517","Male","Asian","smri_area_cdk_loccrh","right","lateral occipital"
"518","Female","Asian","smri_area_cdk_loccrh","right","lateral occipital"
"519","Male","Black","smri_area_cdk_loccrh","right","lateral occipital"
"520","Female","Black","smri_area_cdk_loccrh","right","lateral occipital"
"521","Male","Hispanic","smri_area_cdk_loccrh","right","lateral occipital"
"522","Female","Hispanic","smri_area_cdk_loccrh","right","lateral occipital"
"523","Male","Other","smri_area_cdk_loccrh","right","lateral occipital"
"524","Female","Other","smri_area_cdk_loccrh","right","lateral occipital"
"525","Male","White","smri_area_cdk_loccrh","right","lateral occipital"
"526","Female","White","smri_area_cdk_loccrh","right","lateral occipital"
"527","Male","All","smri_area_cdk_loccrh","right","lateral occipital"
"528","Female","All","smri_area_cdk_loccrh","right","lateral occipital"
"529","Male","Asian","smri_area_cdk_lobfrrh","right","lateral orbitofrontal"
"530","Female","Asian","smri_area_cdk_lobfrrh","right","lateral orbitofrontal"
"531","Male","Black","smri_area_cdk_lobfrrh","right","lateral orbitofrontal"
"532","Female","Black","smri_area_cdk_lobfrrh","right","lateral orbitofrontal"
"533","Male","Hispanic","smri_area_cdk_lobfrrh","right","lateral orbitofrontal"
"534","Female","Hispanic","smri_area_cdk_lobfrrh","right","lateral orbitofrontal"
"535","Male","Other","smri_area_cdk_lobfrrh","right","lateral orbitofrontal"
"536","Female","Other","smri_area_cdk_lobfrrh","right","lateral orbitofrontal"
"537","Male","White","smri_area_cdk_lobfrrh","right","lateral orbitofrontal"
"538","Female","White","smri_area_cdk_lobfrrh","right","lateral orbitofrontal"
"539","Male","All","smri_area_cdk_lobfrrh","right","lateral orbitofrontal"
"540","Female","All","smri_area_cdk_lobfrrh","right","lateral orbitofrontal"
"541","Male","Asian","smri_area_cdk_lingualrh","right","lingual"
"542","Female","Asian","smri_area_cdk_lingualrh","right","lingual"
"543","Male","Black","smri_area_cdk_lingualrh","right","lingual"
"544","Female","Black","smri_area_cdk_lingualrh","right","lingual"
"545","Male","Hispanic","smri_area_cdk_lingualrh","right","lingual"
"546","Female","Hispanic","smri_area_cdk_lingualrh","right","lingual"
"547","Male","Other","smri_area_cdk_lingualrh","right","lingual"
"548","Female","Other","smri_area_cdk_lingualrh","right","lingual"
"549","Male","White","smri_area_cdk_lingualrh","right","lingual"
"550","Female","White","smri_area_cdk_lingualrh","right","lingual"
"551","Male","All","smri_area_cdk_lingualrh","right","lingual"
"552","Female","All","smri_area_cdk_lingualrh","right","lingual"
"553","Male","Asian","smri_area_cdk_mobfrrh","right","medial orbitofrontal"
"554","Female","Asian","smri_area_cdk_mobfrrh","right","medial orbitofrontal"
"555","Male","Black","smri_area_cdk_mobfrrh","right","medial orbitofrontal"
"556","Female","Black","smri_area_cdk_mobfrrh","right","medial orbitofrontal"
"557","Male","Hispanic","smri_area_cdk_mobfrrh","right","medial orbitofrontal"
"558","Female","Hispanic","smri_area_cdk_mobfrrh","right","medial orbitofrontal"
"559","Male","Other","smri_area_cdk_mobfrrh","right","medial orbitofrontal"
"560","Female","Other","smri_area_cdk_mobfrrh","right","medial orbitofrontal"
"561","Male","White","smri_area_cdk_mobfrrh","right","medial orbitofrontal"
"562","Female","White","smri_area_cdk_mobfrrh","right","medial orbitofrontal"
"563","Male","All","smri_area_cdk_mobfrrh","right","medial orbitofrontal"
"564","Female","All","smri_area_cdk_mobfrrh","right","medial orbitofrontal"
"565","Male","Asian","smri_area_cdk_mdtmrh","right","middle temporal"
"566","Female","Asian","smri_area_cdk_mdtmrh","right","middle temporal"
"567","Male","Black","smri_area_cdk_mdtmrh","right","middle temporal"
"568","Female","Black","smri_area_cdk_mdtmrh","right","middle temporal"
"569","Male","Hispanic","smri_area_cdk_mdtmrh","right","middle temporal"
"570","Female","Hispanic","smri_area_cdk_mdtmrh","right","middle temporal"
"571","Male","Other","smri_area_cdk_mdtmrh","right","middle temporal"
"572","Female","Other","smri_area_cdk_mdtmrh","right","middle temporal"
"573","Male","White","smri_area_cdk_mdtmrh","right","middle temporal"
"574","Female","White","smri_area_cdk_mdtmrh","right","middle temporal"
"575","Male","All","smri_area_cdk_mdtmrh","right","middle temporal"
"576","Female","All","smri_area_cdk_mdtmrh","right","middle temporal"
"577","Male","Asian","smri_area_cdk_parahpalrh","right","parahippocampal"
"578","Female","Asian","smri_area_cdk_parahpalrh","right","parahippocampal"
"579","Male","Black","smri_area_cdk_parahpalrh","right","parahippocampal"
"580","Female","Black","smri_area_cdk_parahpalrh","right","parahippocampal"
"581","Male","Hispanic","smri_area_cdk_parahpalrh","right","parahippocampal"
"582","Female","Hispanic","smri_area_cdk_parahpalrh","right","parahippocampal"
"583","Male","Other","smri_area_cdk_parahpalrh","right","parahippocampal"
"584","Female","Other","smri_area_cdk_parahpalrh","right","parahippocampal"
"585","Male","White","smri_area_cdk_parahpalrh","right","parahippocampal"
"586","Female","White","smri_area_cdk_parahpalrh","right","parahippocampal"
"587","Male","All","smri_area_cdk_parahpalrh","right","parahippocampal"
"588","Female","All","smri_area_cdk_parahpalrh","right","parahippocampal"
"589","Male","Asian","smri_area_cdk_paracnrh","right","paracentral"
"590","Female","Asian","smri_area_cdk_paracnrh","right","paracentral"
"591","Male","Black","smri_area_cdk_paracnrh","right","paracentral"
"592","Female","Black","smri_area_cdk_paracnrh","right","paracentral"
"593","Male","Hispanic","smri_area_cdk_paracnrh","right","paracentral"
"594","Female","Hispanic","smri_area_cdk_paracnrh","right","paracentral"
"595","Male","Other","smri_area_cdk_paracnrh","right","paracentral"
"596","Female","Other","smri_area_cdk_paracnrh","right","paracentral"
"597","Male","White","smri_area_cdk_paracnrh","right","paracentral"
"598","Female","White","smri_area_cdk_paracnrh","right","paracentral"
"599","Male","All","smri_area_cdk_paracnrh","right","paracentral"
"600","Female","All","smri_area_cdk_paracnrh","right","paracentral"
"601","Male","Asian","smri_area_cdk_parsopcrh","right","pars opercularis"
"602","Female","Asian","smri_area_cdk_parsopcrh","right","pars opercularis"
"603","Male","Black","smri_area_cdk_parsopcrh","right","pars opercularis"
"604","Female","Black","smri_area_cdk_parsopcrh","right","pars opercularis"
"605","Male","Hispanic","smri_area_cdk_parsopcrh","right","pars opercularis"
"606","Female","Hispanic","smri_area_cdk_parsopcrh","right","pars opercularis"
"607","Male","Other","smri_area_cdk_parsopcrh","right","pars opercularis"
"608","Female","Other","smri_area_cdk_parsopcrh","right","pars opercularis"
"609","Male","White","smri_area_cdk_parsopcrh","right","pars opercularis"
"610","Female","White","smri_area_cdk_parsopcrh","right","pars opercularis"
"611","Male","All","smri_area_cdk_parsopcrh","right","pars opercularis"
"612","Female","All","smri_area_cdk_parsopcrh","right","pars opercularis"
"613","Male","Asian","smri_area_cdk_parsobisrh","right","pars orbitalis"
"614","Female","Asian","smri_area_cdk_parsobisrh","right","pars orbitalis"
"615","Male","Black","smri_area_cdk_parsobisrh","right","pars orbitalis"
"616","Female","Black","smri_area_cdk_parsobisrh","right","pars orbitalis"
"617","Male","Hispanic","smri_area_cdk_parsobisrh","right","pars orbitalis"
"618","Female","Hispanic","smri_area_cdk_parsobisrh","right","pars orbitalis"
"619","Male","Other","smri_area_cdk_parsobisrh","right","pars orbitalis"
"620","Female","Other","smri_area_cdk_parsobisrh","right","pars orbitalis"
"621","Male","White","smri_area_cdk_parsobisrh","right","pars orbitalis"
"622","Female","White","smri_area_cdk_parsobisrh","right","pars orbitalis"
"623","Male","All","smri_area_cdk_parsobisrh","right","pars orbitalis"
"624","Female","All","smri_area_cdk_parsobisrh","right","pars orbitalis"
"625","Male","Asian","smri_area_cdk_parstgrisrh","right","pars triangularis"
"626","Female","Asian","smri_area_cdk_parstgrisrh","right","pars triangularis"
"627","Male","Black","smri_area_cdk_parstgrisrh","right","pars triangularis"
"628","Female","Black","smri_area_cdk_parstgrisrh","right","pars triangularis"
"629","Male","Hispanic","smri_area_cdk_parstgrisrh","right","pars triangularis"
"630","Female","Hispanic","smri_area_cdk_parstgrisrh","right","pars triangularis"
"631","Male","Other","smri_area_cdk_parstgrisrh","right","pars triangularis"
"632","Female","Other","smri_area_cdk_parstgrisrh","right","pars triangularis"
"633","Male","White","smri_area_cdk_parstgrisrh","right","pars triangularis"
"634","Female","White","smri_area_cdk_parstgrisrh","right","pars triangularis"
"635","Male","All","smri_area_cdk_parstgrisrh","right","pars triangularis"
"636","Female","All","smri_area_cdk_parstgrisrh","right","pars triangularis"
"637","Male","Asian","smri_area_cdk_periccrh","right","pericalcarine"
"638","Female","Asian","smri_area_cdk_periccrh","right","pericalcarine"
"639","Male","Black","smri_area_cdk_periccrh","right","pericalcarine"
"640","Female","Black","smri_area_cdk_periccrh","right","pericalcarine"
"641","Male","Hispanic","smri_area_cdk_periccrh","right","pericalcarine"
"642","Female","Hispanic","smri_area_cdk_periccrh","right","pericalcarine"
"643","Male","Other","smri_area_cdk_periccrh","right","pericalcarine"
"644","Female","Other","smri_area_cdk_periccrh","right","pericalcarine"
"645","Male","White","smri_area_cdk_periccrh","right","pericalcarine"
"646","Female","White","smri_area_cdk_periccrh","right","pericalcarine"
"647","Male","All","smri_area_cdk_periccrh","right","pericalcarine"
"648","Female","All","smri_area_cdk_periccrh","right","pericalcarine"
"649","Male","Asian","smri_area_cdk_postcnrh","right","postcentral"
"650","Female","Asian","smri_area_cdk_postcnrh","right","postcentral"
"651","Male","Black","smri_area_cdk_postcnrh","right","postcentral"
"652","Female","Black","smri_area_cdk_postcnrh","right","postcentral"
"653","Male","Hispanic","smri_area_cdk_postcnrh","right","postcentral"
"654","Female","Hispanic","smri_area_cdk_postcnrh","right","postcentral"
"655","Male","Other","smri_area_cdk_postcnrh","right","postcentral"
"656","Female","Other","smri_area_cdk_postcnrh","right","postcentral"
"657","Male","White","smri_area_cdk_postcnrh","right","postcentral"
"658","Female","White","smri_area_cdk_postcnrh","right","postcentral"
"659","Male","All","smri_area_cdk_postcnrh","right","postcentral"
"660","Female","All","smri_area_cdk_postcnrh","right","postcentral"
"661","Male","Asian","smri_area_cdk_ptcaterh","right","posterior cingulate"
"662","Female","Asian","smri_area_cdk_ptcaterh","right","posterior cingulate"
"663","Male","Black","smri_area_cdk_ptcaterh","right","posterior cingulate"
"664","Female","Black","smri_area_cdk_ptcaterh","right","posterior cingulate"
"665","Male","Hispanic","smri_area_cdk_ptcaterh","right","posterior cingulate"
"666","Female","Hispanic","smri_area_cdk_ptcaterh","right","posterior cingulate"
"667","Male","Other","smri_area_cdk_ptcaterh","right","posterior cingulate"
"668","Female","Other","smri_area_cdk_ptcaterh","right","posterior cingulate"
"669","Male","White","smri_area_cdk_ptcaterh","right","posterior cingulate"
"670","Female","White","smri_area_cdk_ptcaterh","right","posterior cingulate"
"671","Male","All","smri_area_cdk_ptcaterh","right","posterior cingulate"
"672","Female","All","smri_area_cdk_ptcaterh","right","posterior cingulate"
"673","Male","Asian","smri_area_cdk_precnrh","right","precentral"
"674","Female","Asian","smri_area_cdk_precnrh","right","precentral"
"675","Male","Black","smri_area_cdk_precnrh","right","precentral"
"676","Female","Black","smri_area_cdk_precnrh","right","precentral"
"677","Male","Hispanic","smri_area_cdk_precnrh","right","precentral"
"678","Female","Hispanic","smri_area_cdk_precnrh","right","precentral"
"679","Male","Other","smri_area_cdk_precnrh","right","precentral"
"680","Female","Other","smri_area_cdk_precnrh","right","precentral"
"681","Male","White","smri_area_cdk_precnrh","right","precentral"
"682","Female","White","smri_area_cdk_precnrh","right","precentral"
"683","Male","All","smri_area_cdk_precnrh","right","precentral"
"684","Female","All","smri_area_cdk_precnrh","right","precentral"
"685","Male","Asian","smri_area_cdk_pcrh","right","precuneus"
"686","Female","Asian","smri_area_cdk_pcrh","right","precuneus"
"687","Male","Black","smri_area_cdk_pcrh","right","precuneus"
"688","Female","Black","smri_area_cdk_pcrh","right","precuneus"
"689","Male","Hispanic","smri_area_cdk_pcrh","right","precuneus"
"690","Female","Hispanic","smri_area_cdk_pcrh","right","precuneus"
"691","Male","Other","smri_area_cdk_pcrh","right","precuneus"
"692","Female","Other","smri_area_cdk_pcrh","right","precuneus"
"693","Male","White","smri_area_cdk_pcrh","right","precuneus"
"694","Female","White","smri_area_cdk_pcrh","right","precuneus"
"695","Male","All","smri_area_cdk_pcrh","right","precuneus"
"696","Female","All","smri_area_cdk_pcrh","right","precuneus"
"697","Male","Asian","smri_area_cdk_rracaterh","right","rostral anterior cingulate"
"698","Female","Asian","smri_area_cdk_rracaterh","right","rostral anterior cingulate"
"699","Male","Black","smri_area_cdk_rracaterh","right","rostral anterior cingulate"
"700","Female","Black","smri_area_cdk_rracaterh","right","rostral anterior cingulate"
"701","Male","Hispanic","smri_area_cdk_rracaterh","right","rostral anterior cingulate"
"702","Female","Hispanic","smri_area_cdk_rracaterh","right","rostral anterior cingulate"
"703","Male","Other","smri_area_cdk_rracaterh","right","rostral anterior cingulate"
"704","Female","Other","smri_area_cdk_rracaterh","right","rostral anterior cingulate"
"705","Male","White","smri_area_cdk_rracaterh","right","rostral anterior cingulate"
"706","Female","White","smri_area_cdk_rracaterh","right","rostral anterior cingulate"
"707","Male","All","smri_area_cdk_rracaterh","right","rostral anterior cingulate"
"708","Female","All","smri_area_cdk_rracaterh","right","rostral anterior cingulate"
"709","Male","Asian","smri_area_cdk_rrmdfrrh","right","rostral middle frontal"
"710","Female","Asian","smri_area_cdk_rrmdfrrh","right","rostral middle frontal"
"711","Male","Black","smri_area_cdk_rrmdfrrh","right","rostral middle frontal"
"712","Female","Black","smri_area_cdk_rrmdfrrh","right","rostral middle frontal"
"713","Male","Hispanic","smri_area_cdk_rrmdfrrh","right","rostral middle frontal"
"714","Female","Hispanic","smri_area_cdk_rrmdfrrh","right","rostral middle frontal"
"715","Male","Other","smri_area_cdk_rrmdfrrh","right","rostral middle frontal"
"716","Female","Other","smri_area_cdk_rrmdfrrh","right","rostral middle frontal"
"717","Male","White","smri_area_cdk_rrmdfrrh","right","rostral middle frontal"
"718","Female","White","smri_area_cdk_rrmdfrrh","right","rostral middle frontal"
"719","Male","All","smri_area_cdk_rrmdfrrh","right","rostral middle frontal"
"720","Female","All","smri_area_cdk_rrmdfrrh","right","rostral middle frontal"
"721","Male","Asian","smri_area_cdk_sufrrh","right","superior frontal"
"722","Female","Asian","smri_area_cdk_sufrrh","right","superior frontal"
"723","Male","Black","smri_area_cdk_sufrrh","right","superior frontal"
"724","Female","Black","smri_area_cdk_sufrrh","right","superior frontal"
"725","Male","Hispanic","smri_area_cdk_sufrrh","right","superior frontal"
"726","Female","Hispanic","smri_area_cdk_sufrrh","right","superior frontal"
"727","Male","Other","smri_area_cdk_sufrrh","right","superior frontal"
"728","Female","Other","smri_area_cdk_sufrrh","right","superior frontal"
"729","Male","White","smri_area_cdk_sufrrh","right","superior frontal"
"730","Female","White","smri_area_cdk_sufrrh","right","superior frontal"
"731","Male","All","smri_area_cdk_sufrrh","right","superior frontal"
"732","Female","All","smri_area_cdk_sufrrh","right","superior frontal"
"733","Male","Asian","smri_area_cdk_suplrh","right","superior parietal"
"734","Female","Asian","smri_area_cdk_suplrh","right","superior parietal"
"735","Male","Black","smri_area_cdk_suplrh","right","superior parietal"
"736","Female","Black","smri_area_cdk_suplrh","right","superior parietal"
"737","Male","Hispanic","smri_area_cdk_suplrh","right","superior parietal"
"738","Female","Hispanic","smri_area_cdk_suplrh","right","superior parietal"
"739","Male","Other","smri_area_cdk_suplrh","right","superior parietal"
"740","Female","Other","smri_area_cdk_suplrh","right","superior parietal"
"741","Male","White","smri_area_cdk_suplrh","right","superior parietal"
"742","Female","White","smri_area_cdk_suplrh","right","superior parietal"
"743","Male","All","smri_area_cdk_suplrh","right","superior parietal"
"744","Female","All","smri_area_cdk_suplrh","right","superior parietal"
"745","Male","Asian","smri_area_cdk_sutmrh","right","superior temporal"
"746","Female","Asian","smri_area_cdk_sutmrh","right","superior temporal"
"747","Male","Black","smri_area_cdk_sutmrh","right","superior temporal"
"748","Female","Black","smri_area_cdk_sutmrh","right","superior temporal"
"749","Male","Hispanic","smri_area_cdk_sutmrh","right","superior temporal"
"750","Female","Hispanic","smri_area_cdk_sutmrh","right","superior temporal"
"751","Male","Other","smri_area_cdk_sutmrh","right","superior temporal"
"752","Female","Other","smri_area_cdk_sutmrh","right","superior temporal"
"753","Male","White","smri_area_cdk_sutmrh","right","superior temporal"
"754","Female","White","smri_area_cdk_sutmrh","right","superior temporal"
"755","Male","All","smri_area_cdk_sutmrh","right","superior temporal"
"756","Female","All","smri_area_cdk_sutmrh","right","superior temporal"
"757","Male","Asian","smri_area_cdk_smrh","right","supramarginal"
"758","Female","Asian","smri_area_cdk_smrh","right","supramarginal"
"759","Male","Black","smri_area_cdk_smrh","right","supramarginal"
"760","Female","Black","smri_area_cdk_smrh","right","supramarginal"
"761","Male","Hispanic","smri_area_cdk_smrh","right","supramarginal"
"762","Female","Hispanic","smri_area_cdk_smrh","right","supramarginal"
"763","Male","Other","smri_area_cdk_smrh","right","supramarginal"
"764","Female","Other","smri_area_cdk_smrh","right","supramarginal"
"765","Male","White","smri_area_cdk_smrh","right","supramarginal"
"766","Female","White","smri_area_cdk_smrh","right","supramarginal"
"767","Male","All","smri_area_cdk_smrh","right","supramarginal"
"768","Female","All","smri_area_cdk_smrh","right","supramarginal"
"769","Male","Asian","smri_area_cdk_frpolerh","right","frontal pole"
"770","Female","Asian","smri_area_cdk_frpolerh","right","frontal pole"
"771","Male","Black","smri_area_cdk_frpolerh","right","frontal pole"
"772","Female","Black","smri_area_cdk_frpolerh","right","frontal pole"
"773","Male","Hispanic","smri_area_cdk_frpolerh","right","frontal pole"
"774","Female","Hispanic","smri_area_cdk_frpolerh","right","frontal pole"
"775","Male","Other","smri_area_cdk_frpolerh","right","frontal pole"
"776","Female","Other","smri_area_cdk_frpolerh","right","frontal pole"
"777","Male","White","smri_area_cdk_frpolerh","right","frontal pole"
"778","Female","White","smri_area_cdk_frpolerh","right","frontal pole"
"779","Male","All","smri_area_cdk_frpolerh","right","frontal pole"
"780","Female","All","smri_area_cdk_frpolerh","right","frontal pole"
"781","Male","Asian","smri_area_cdk_tmpolerh","right","temporal pole"
"782","Female","Asian","smri_area_cdk_tmpolerh","right","temporal pole"
"783","Male","Black","smri_area_cdk_tmpolerh","right","temporal pole"
"784","Female","Black","smri_area_cdk_tmpolerh","right","temporal pole"
"785","Male","Hispanic","smri_area_cdk_tmpolerh","right","temporal pole"
"786","Female","Hispanic","smri_area_cdk_tmpolerh","right","temporal pole"
"787","Male","Other","smri_area_cdk_tmpolerh","right","temporal pole"
"788","Female","Other","smri_area_cdk_tmpolerh","right","temporal pole"
"789","Male","White","smri_area_cdk_tmpolerh","right","temporal pole"
"790","Female","White","smri_area_cdk_tmpolerh","right","temporal pole"
"791","Male","All","smri_area_cdk_tmpolerh","right","temporal pole"
"792","Female","All","smri_area_cdk_tmpolerh","right","temporal pole"
"793","Male","Asian","smri_area_cdk_trvtmrh","right","transverse temporal"
"794","Female","Asian","smri_area_cdk_trvtmrh","right","transverse temporal"
"795","Male","Black","smri_area_cdk_trvtmrh","right","transverse temporal"
"796","Female","Black","smri_area_cdk_trvtmrh","right","transverse temporal"
"797","Male","Hispanic","smri_area_cdk_trvtmrh","right","transverse temporal"
"798","Female","Hispanic","smri_area_cdk_trvtmrh","right","transverse temporal"
"799","Male","Other","smri_area_cdk_trvtmrh","right","transverse temporal"
"800","Female","Other","smri_area_cdk_trvtmrh","right","transverse temporal"
"801","Male","White","smri_area_cdk_trvtmrh","right","transverse temporal"
"802","Female","White","smri_area_cdk_trvtmrh","right","transverse temporal"
"803","Male","All","smri_area_cdk_trvtmrh","right","transverse temporal"
"804","Female","All","smri_area_cdk_trvtmrh","right","transverse temporal"
"805","Male","Asian","smri_area_cdk_insularh","right","insula"
"806","Female","Asian","smri_area_cdk_insularh","right","insula"
"807","Male","Black","smri_area_cdk_insularh","right","insula"
"808","Female","Black","smri_area_cdk_insularh","right","insula"
"809","Male","Hispanic","smri_area_cdk_insularh","right","insula"
"810","Female","Hispanic","smri_area_cdk_insularh","right","insula"
"811","Male","Other","smri_area_cdk_insularh","right","insula"
"812","Female","Other","smri_area_cdk_insularh","right","insula"
"813","Male","White","smri_area_cdk_insularh","right","insula"
"814","Female","White","smri_area_cdk_insularh","right","insula"
"815","Male","All","smri_area_cdk_insularh","right","insula"
"816","Female","All","smri_area_cdk_insularh","right","insula"
"817","Male","Asian","smri_area_cdk_totallh","left","all"
"818","Female","Asian","smri_area_cdk_totallh","left","all"
"819","Male","Black","smri_area_cdk_totallh","left","all"
"820","Female","Black","smri_area_cdk_totallh","left","all"
"821","Male","Hispanic","smri_area_cdk_totallh","left","all"
"822","Female","Hispanic","smri_area_cdk_totallh","left","all"
"823","Male","Other","smri_area_cdk_totallh","left","all"
"824","Female","Other","smri_area_cdk_totallh","left","all"
"825","Male","White","smri_area_cdk_totallh","left","all"
"826","Female","White","smri_area_cdk_totallh","left","all"
"827","Male","All","smri_area_cdk_totallh","left","all"
"828","Female","All","smri_area_cdk_totallh","left","all"
"829","Male","Asian","smri_area_cdk_totalrh","right","all"
"830","Female","Asian","smri_area_cdk_totalrh","right","all"
"831","Male","Black","smri_area_cdk_totalrh","right","all"
"832","Female","Black","smri_area_cdk_totalrh","right","all"
"833","Male","Hispanic","smri_area_cdk_totalrh","right","all"
"834","Female","Hispanic","smri_area_cdk_totalrh","right","all"
"835","Male","Other","smri_area_cdk_totalrh","right","all"
"836","Female","Other","smri_area_cdk_totalrh","right","all"
"837","Male","White","smri_area_cdk_totalrh","right","all"
"838","Female","White","smri_area_cdk_totalrh","right","all"
"839","Male","All","smri_area_cdk_totalrh","right","all"
"840","Female","All","smri_area_cdk_totalrh","right","all"
"841","Male","Asian","smri_area_cdk_total","both","all"
"842","Female","Asian","smri_area_cdk_total","both","all"
"843","Male","Black","smri_area_cdk_total","both","all"
"844","Female","Black","smri_area_cdk_total","both","all"
"845","Male","Hispanic","smri_area_cdk_total","both","all"
"846","Female","Hispanic","smri_area_cdk_total","both","all"
"847","Male","Other","smri_area_cdk_total","both","all"
"848","Female","Other","smri_area_cdk_total","both","all"
"849","Male","White","smri_area_cdk_total","both","all"
"850","Female","White","smri_area_cdk_total","both","all"
"851","Male","All","smri_area_cdk_total","both","all"
"852","Female","All","smri_area_cdk_total","both","all"
